The Spy Meeting	Rigby Sails	2	11		1				Fiction	
Barney Malloon's Balloon	Rigby Sails	2	11		1				1	
Alley Cats	Rigby Sails	2	11		1				1	
No Queen Today!	Rigby Sails	2	11		1				1	
The Giant of Ginger Hill	Rigby Sails	2	11		1				1	
Food Fit for a King	Rigby Sails	2	11		1				1	
Chicken Food	Rigby Sails	2	11		1				1	
The Feast	Rigby Sails	2	11		1				1	
Boo-hoo	The Story Box	2	11		2				1	
Three little ducks	The Story Box	2	11		3				1	
To Town	The Story Box	2	11		1				1	
Poor old Polly	The Story Box	2	11		2				1	
Obadiah	The Story Box	2	11		1				1	
One cold wet night	The Story Box	2	11		2				1	
The big toe	The Story Box	2	11		1				1	
Woosh!	The Story Box	2	11		1				1	
In a dark, dark wood	The Story Box	2	11		2				1	
Dan, the flying man	The Story Box	2	11		1				1	
Mrs. Wishy-washy	The Story Box	2	11		1				1	
Grandpa, Grandpa	The Story Box	2	11		2				1	
Hairy Bear	The Story Box	2	11		3				1	
The farm concert	The Story Box	2	11		2				1	
The Monster's Party	The Story Box	2	11		2				1	
Yes Ma'am	The Story Box	2	11		2				1	
Lazy Mary	The Story Box	2	11		2				1	
The Red Rose	The Story Box	2	11		2				1	
Who Will Be My Mother?	The Story Box	2	11		3				1	
Sing a song	The Story Box	2	11		2				1	
Smarty Pants	The Story Box	2	11		1				1	
Meanies	The Story Box	2	11		1				1	
To market, to market	The Story Box	2	11		1				1	
The hungry giant	The Story Box	2	11		1				1	
The jigaree	The Story Box	2	11		1				1	
My Wonderful Aunt - Story One	Sunshine Books	2	11		1				1	
My Wonderful Aunt - Story Two	Sunshine Books	2	11		1				1	
My Wonderful Aunt - Story Three	Sunshine Books	2	11		1				1	
My Wonderful Aunt - Story Four	Sunshine Books	2	11		1				1	
My Wonderful Aunt - Story Five	Sunshine Books	2	11		1				1	
My Wonderful Aunt - Story Six	Sunshine Books	2	11		1				1	
Mrs. Grindy's Shoes	Sunshine Books	2	11		1				1	
Boggywooga	Sunshine Books	2	11		1				1	
Mr. Whisper	Sunshine Books	2	11		1				1	
Dinner!	Sunshine Books	2	11		1				1	
I Can Fly	Sunshine Books	2	11		1				1	
Just This Once	Sunshine Books	2	11		1				1	
Mr. Grump	Sunshine Books	2	11		1				1	
My Sloppy Tiger Goes to School	Sunshine Books	2	11		1				1	
Old Grizzly	Sunshine Books	2	11		1				1	
Ratty-tatty	Sunshine Books	2	11		1				1	
The Dandelion	Sunshine Books	2	11		1				1	
Quack, Quack, Quack	Sunshine Books	2	11		1				1	
"Scat!" Said the Cat	Sunshine Books	2	11		1				1	
The Cooking Pot	Sunshine Books	2	11		2				1	
The Ha-Ha Powder	Sunshine Books	2	11		1				1	
The Poor Sore Paw	Sunshine Books	2	11		1				1	
The Secret of Spooky House	Sunshine Books	2	11		1				1	
The Terrible Tiger	Sunshine Books	2	11		1				1	
The Tiny Woman's Coat	Sunshine Books	2	11		1				1	
A Small World	Sunshine Books	2	11		1				1	
What Am I?	Sunshine Books	2	11		1				1	
Noise	Sunshine Books	2	11		1				1	
Clouds	Sunshine Books	2	11		1				1	
The Wicked Pirates	Sunshine Books	2	11		1				1	
Superkids	Sunshine Books	2	11		1				1	
A Hundred Hugs	Sunshine Books	2	11		1				1	
Birthdays	Sunshine Books	2	11		1				1	
Now I Am Five	Sunshine Books	2	11		1				1	
Duck and Hen	Sunshine Books	2	11		1				1	
Clyde Klutter's Room	Sunshine Books	2	11		1				1	
I Dream	Sunshine Books	2	11		1				1	
Mrs. Muddle Mud-puddle	Sunshine Books	2	11		1				1	
The Dippy Dinner Drippers	Sunshine Books	2	11		1				1	
The Humongous Cat	Sunshine Books	2	11		1				1	
The Little Yellow Chicken	Sunshine Books	2	11		1				1	
The Wind Blows	Ray's Readers	2	11		1				1	Letter Blends
Lots of Sweaters	Ray's Readers	2	11		1				1	Letter Blends
Scott's Day	Ray's Readers	2	11		1				1	Letter Blends
Sniffles	Ray's Readers	2	11		1				1	Letter Blends
Big Bradley	Ray's Readers	2	11		1				1	Letter Blends
Clay Today!	Ray's Readers	2	11		1				1	Letter Blends
Crossing the Creek	Ray's Readers	2	11		1				1	Letter Blends
Desert Friends	Ray's Readers	2	11		1				1	Letter Blends
Glitter Trouble	Ray's Readers	2	11		1				1	Letter Blends
Freda Frog	Ray's Readers	2	11		1				1	Letter Blends
The Playful Platypus	Ray's Readers	2	11		1				1	Letter Blends
Charles	Ray's Readers	2	11		1				1	Letter Blends
Dragon's Dream	Ray's Readers	2	11		1				1	Letter Blends
Where and Why?	Ray's Readers	2	11		1				1	Letter Blends
Where's Fletcher?	Ray's Readers	2	11		1				1	Letter Blends
Mrs. Smith	Ray's Readers	2	11		1				1	Letter Blends
Skip's Sketchbook	Ray's Readers	2	11		1				1	Letter Blends
The Problem	Ray's Readers	2	11		1				1	Letter Blends
The Toy Maker	Ray's Readers	2	11		1				1	Letter Blends
The Tricksters	Ray's Readers	2	11		1				1	Letter Blends
Twins	Ray's Readers	2	11		1				1	Letter Blends
See Me Reading	Ray's Readers	2	11		1				1	Letter Blends
Who is Taller?	Ray's Readers	2	11		1				1	Letter Blends
The Pets	Ray's Readers	2	11		1				1	Letter Blends
The Slippery Slide	Ray's Readers	2	11		1				1	Letter Blends
Theodore	Ray's Readers	2	11		1				1	Letter Blends
Spider Spins	Ray's Readers	2	11		1				1	Letter Blends
Grumpy Grizzly	Ray's Readers	2	11		1				1	Letter Blends
Sherman Shootsâ€¦	Ray's Readers	2	11		1				1	Letter Blends
